1,1,2017-07-16,21:43:58,651,-7:00,192.168.0.26,68,192.168.0.25,67,UDP,RX,01010600479C644700000000C0A8001B000000000000000000000000080027E06CB600000000000000000000000000000000000000000000000000000000000000000000000000000000000000000000000000000000000000000000000000000000000000000000000000000000000000000000000000000000000000000000000000000000000000000000000000000000000000000000000000000000000000000000000000000000000000000000000000000000000000000000000000000000000000000000000000000000000000000000000000000000000000000000000000000000000000000000638253633501073604C0A800013D110152415320080027E06CB6000000000000FF00000000000000000000000000000000000000000000000000000000000000,300
2,2,2017-07-16,21:44:18,450,-7:00,0.0.0.0,68,192.168.0.25,67,UDP,RX,01010600D14C244E0000800000000000000000000000000000000000080027E06CB600000000000000000000000000000000000000000000000000000000000000000000000000000000000000000000000000000000000000000000000000000000000000000000000000000000000000000000000000000000000000000000000000000000000000000000000000000000000000000000000000000000000000000000000000000000000000000000000000000000000000000000000000000000000000000000000000000000000000000000000000000000000000000000000000000000000000000000638253633501033D0701080027E06CB63204C0A8001A0C0861646D696E2D5043510B00000061646D696E2D50433C084D53465420352E30370C010F03062C2E2F1F2179F92BFF,306
3,3,2017-07-16,21:44:18,574,-7:00,192.168.0.1,67,192.168.0.25,68,UDP,RX,02010600D14C244E0000800000000000000000000000000000000000080027E06CB600000000000000000000000000000000000000000000000000000000000000000000000000000000000000000000000000000000000000000000000000000000000000000000000000000000000000000000000000000000000000000000000000000000000000000000000000000000000000000000000000000000000000000000000000000000000000000000000000000000000000000000000000000000000000000000000000000000000000000000000000000000000000000000000000000000000000000000638253633501063604C0A80001FF00000000000000000000000000000000000000000000000000000000000000000000000000000000000000000000000000000000000000000000000000000000000000000000000000000000000000000000000000000000000000000000000000000000000000000000000000000000000000000000000000000000000000000000000000000000000000000000000000000000000000000000000000000000000000000000000000000000000000000000000000000000000000000000000000000000000000000000000000000000000000000000000000000000000000000000000000000000000000000000000000000000000000000000000000000000000000000000000000000000000000000000000000000000000000000000000000000000000000000000,548
4,4,2017-07-16,21:44:18,657,-7:00,0.0.0.0,68,192.168.0.25,67,UDP,RX,010106008904DF890000800000000000000000000000000000000000080027E06CB600000000000000000000000000000000000000000000000000000000000000000000000000000000000000000000000000000000000000000000000000000000000000000000000000000000000000000000000000000000000000000000000000000000000000000000000000000000000000000000000000000000000000000000000000000000000000000000000000000000000000000000000000000000000000000000000000000000000000000000000000000000000000000000000000000000000000000000638253633501013D0701080027E06CB60C0861646D696E2D50433C084D53465420352E30370C010F03062C2E2F1F2179F92BFF00000000000000000000000000,300
5,5,2017-07-16,21:44:19,182,-7:00,192.168.0.1,67,192.168.0.25,68,UDP,RX,020106008904DF890000800000000000C0A8001B0000000000000000080027E06CB600000000000000000000000000000000000000000000000000000000000000000000000000000000000000000000000000000000000000000000000000000000000000000000000000000000000000000000000000000000000000000000000000000000000000000000000000000000000000000000000000000000000000000000000000000000000000000000000000000000000000000000000000000000000000000000000000000000000000000000000000000000000000000000000000000000000000000000638253633501023604C0A800013304000151800104FFFFFF000304C0A800010604C0A80001FF00000000000000000000000000000000000000000000000000000000000000000000000000000000000000000000000000000000000000000000000000000000000000000000000000000000000000000000000000000000000000000000000000000000000000000000000000000000000000000000000000000000000000000000000000000000000000000000000000000000000000000000000000000000000000000000000000000000000000000000000000000000000000000000000000000000000000000000000000000000000000000000000000000000000000000000000000000000000000000000000000000000000000000000000000000000000000000000000000000000000000000000,548
6,6,2017-07-16,21:44:19,245,-7:00,0.0.0.0,68,192.168.0.25,67,UDP,RX,010106008904DF890000800000000000000000000000000000000000080027E06CB600000000000000000000000000000000000000000000000000000000000000000000000000000000000000000000000000000000000000000000000000000000000000000000000000000000000000000000000000000000000000000000000000000000000000000000000000000000000000000000000000000000000000000000000000000000000000000000000000000000000000000000000000000000000000000000000000000000000000000000000000000000000000000000000000000000000000000000638253633501033D0701080027E06CB63204C0A8001B3604C0A800010C0861646D696E2D5043510B00000061646D696E2D50433C084D53465420352E30370C010F03062C2E2F1F2179F92BFF,312
7,7,2017-07-16,21:44:19,385,-7:00,192.168.0.1,67,192.168.0.25,68,UDP,RX,020106008904DF890000800000000000C0A8001B0000000000000000080027E06CB600000000000000000000000000000000000000000000000000000000000000000000000000000000000000000000000000000000000000000000000000000000000000000000000000000000000000000000000000000000000000000000000000000000000000000000000000000000000000000000000000000000000000000000000000000000000000000000000000000000000000000000000000000000000000000000000000000000000000000000000000000000000000000000000000000000000000000000638253633501053604C0A800013304000151800104FFFFFF000304C0A800010604C0A80001FF00000000000000000000000000000000000000000000000000000000000000000000000000000000000000000000000000000000000000000000000000000000000000000000000000000000000000000000000000000000000000000000000000000000000000000000000000000000000000000000000000000000000000000000000000000000000000000000000000000000000000000000000000000000000000000000000000000000000000000000000000000000000000000000000000000000000000000000000000000000000000000000000000000000000000000000000000000000000000000000000000000000000000000000000000000000000000000000000000000000000000000000,548
8,8,2017-07-16,21:44:21,682,-7:00,192.168.0.27,68,192.168.0.25,67,UDP,RX,010106000AF0E0FF0000800000000000000000000000000000000000080027E06CB600000000000000000000000000000000000000000000000000000000000000000000000000000000000000000000000000000000000000000000000000000000000000000000000000000000000000000000000000000000000000000000000000000000000000000000000000000000000000000000000000000000000000000000000000000000000000000000000000000000000000000000000000000000000000000000000000000000000000000000000000000000000000000000000000000000000000000000638253633501014D0E525241532E4D6963726F736F66747401013D110152415320080027E06CB60000000000000C0861646D696E2D50433C084D53465420352E30370C010F03062C2E2F1F2179F92BFF,316
9,9,2017-07-16,21:44:21,838,-7:00,192.168.0.1,67,192.168.0.25,68,UDP,RX,020106000AF0E0FF0000800000000000C0A8001B0000000000000000080027E06CB600000000000000000000000000000000000000000000000000000000000000000000000000000000000000000000000000000000000000000000000000000000000000000000000000000000000000000000000000000000000000000000000000000000000000000000000000000000000000000000000000000000000000000000000000000000000000000000000000000000000000000000000000000000000000000000000000000000000000000000000000000000000000000000000000000000000000000000638253633501023604C0A8000133040001517E0104FFFFFF000304C0A800010604C0A80001FF00000000000000000000000000000000000000000000000000000000000000000000000000000000000000000000000000000000000000000000000000000000000000000000000000000000000000000000000000000000000000000000000000000000000000000000000000000000000000000000000000000000000000000000000000000000000000000000000000000000000000000000000000000000000000000000000000000000000000000000000000000000000000000000000000000000000000000000000000000000000000000000000000000000000000000000000000000000000000000000000000000000000000000000000000000000000000000000000000000000000000000000,548
10,10,2017-07-16,21:44:21,901,-7:00,192.168.0.27,68,192.168.0.25,67,UDP,RX,010106000AF0E0FF0000800000000000000000000000000000000000080027E06CB600000000000000000000000000000000000000000000000000000000000000000000000000000000000000000000000000000000000000000000000000000000000000000000000000000000000000000000000000000000000000000000000000000000000000000000000000000000000000000000000000000000000000000000000000000000000000000000000000000000000000000000000000000000000000000000000000000000000000000000000000000000000000000000000000000000000000000000638253633501034D0E525241532E4D6963726F736F66743D110152415320080027E06CB60000000000003204C0A8001B3604C0A800010C0861646D696E2D5043510B08000061646D696E2D50433C084D53465420352E30370C010F03062C2E2F1F2179F92BFF,338
11,11,2017-07-16,21:44:22,41,-7:00,192.168.0.1,67,192.168.0.25,68,UDP,RX,020106000AF0E0FF0000800000000000C0A8001B0000000000000000080027E06CB600000000000000000000000000000000000000000000000000000000000000000000000000000000000000000000000000000000000000000000000000000000000000000000000000000000000000000000000000000000000000000000000000000000000000000000000000000000000000000000000000000000000000000000000000000000000000000000000000000000000000000000000000000000000000000000000000000000000000000000000000000000000000000000000000000000000000000000638253633501053604C0A800013304000151800104FFFFFF000304C0A800010604C0A80001FF00000000000000000000000000000000000000000000000000000000000000000000000000000000000000000000000000000000000000000000000000000000000000000000000000000000000000000000000000000000000000000000000000000000000000000000000000000000000000000000000000000000000000000000000000000000000000000000000000000000000000000000000000000000000000000000000000000000000000000000000000000000000000000000000000000000000000000000000000000000000000000000000000000000000000000000000000000000000000000000000000000000000000000000000000000000000000000000000000000000000000000000,548
12,12,2017-07-16,21:44:22,697,-7:00,192.168.0.27,68,192.168.0.25,67,UDP,RX,01010600882A371100000000C0A8001B000000000000000000000000080027E06CB600000000000000000000000000000000000000000000000000000000000000000000000000000000000000000000000000000000000000000000000000000000000000000000000000000000000000000000000000000000000000000000000000000000000000000000000000000000000000000000000000000000000000000000000000000000000000000000000000000000000000000000000000000000000000000000000000000000000000000000000000000000000000000000000000000000000000000000638253633501083D0701080027E06CB60C0861646D696E2D50433C084D53465420352E30370D010F03062C2E2F1F2179F92BFCFF000000000000000000000000,300
13,13,2017-07-16,21:44:25,698,-7:00,192.168.0.27,68,192.168.0.25,67,UDP,RX,01010600882A371103000000C0A8001B000000000000000000000000080027E06CB600000000000000000000000000000000000000000000000000000000000000000000000000000000000000000000000000000000000000000000000000000000000000000000000000000000000000000000000000000000000000000000000000000000000000000000000000000000000000000000000000000000000000000000000000000000000000000000000000000000000000000000000000000000000000000000000000000000000000000000000000000000000000000000000000000000000000000000638253633501083D0701080027E06CB60C0861646D696E2D50433C084D53465420352E30370D010F03062C2E2F1F2179F92BFCFF000000000000000000000000,300
14,14,2017-07-16,21:46:14,479,-7:00,192.168.0.27,68,192.168.0.25,67,UDP,RX,01010600B9AC348100000000C0A8001B000000000000000000000000080027E06CB600000000000000000000000000000000000000000000000000000000000000000000000000000000000000000000000000000000000000000000000000000000000000000000000000000000000000000000000000000000000000000000000000000000000000000000000000000000000000000000000000000000000000000000000000000000000000000000000000000000000000000000000000000000000000000000000000000000000000000000000000000000000000000000000000000000000000000000638253633501073604C0A800013D110152415320080027E06CB6000000000000FF00000000000000000000000000000000000000000000000000000000000000,300
15,15,2017-07-16,21:47:43,385,-7:00,0.0.0.0,68,192.168.0.25,67,UDP,RX,010106007335B29B0000800000000000000000000000000000000000080027E06CB600000000000000000000000000000000000000000000000000000000000000000000000000000000000000000000000000000000000000000000000000000000000000000000000000000000000000000000000000000000000000000000000000000000000000000000000000000000000000000000000000000000000000000000000000000000000000000000000000000000000000000000000000000000000000000000000000000000000000000000000000000000000000000000000000000000000000000000638253633501013D0701080027E06CB60C0861646D696E2D50433C084D53465420352E30370C010F03062C2E2F1F2179F92BFF00000000000000000000000000,300
16,16,2017-07-16,21:47:43,979,-7:00,192.168.0.1,67,192.168.0.25,68,UDP,RX,020106007335B29B0000800000000000C0A8001B0000000000000000080027E06CB600000000000000000000000000000000000000000000000000000000000000000000000000000000000000000000000000000000000000000000000000000000000000000000000000000000000000000000000000000000000000000000000000000000000000000000000000000000000000000000000000000000000000000000000000000000000000000000000000000000000000000000000000000000000000000000000000000000000000000000000000000000000000000000000000000000000000000000638253633501023604C0A800013304000151800104FFFFFF000304C0A800010604C0A80001FF00000000000000000000000000000000000000000000000000000000000000000000000000000000000000000000000000000000000000000000000000000000000000000000000000000000000000000000000000000000000000000000000000000000000000000000000000000000000000000000000000000000000000000000000000000000000000000000000000000000000000000000000000000000000000000000000000000000000000000000000000000000000000000000000000000000000000000000000000000000000000000000000000000000000000000000000000000000000000000000000000000000000000000000000000000000000000000000000000000000000000000000,548
17,17,2017-07-16,21:47:44,57,-7:00,0.0.0.0,68,192.168.0.25,67,UDP,RX,010106007335B29B0000800000000000000000000000000000000000080027E06CB600000000000000000000000000000000000000000000000000000000000000000000000000000000000000000000000000000000000000000000000000000000000000000000000000000000000000000000000000000000000000000000000000000000000000000000000000000000000000000000000000000000000000000000000000000000000000000000000000000000000000000000000000000000000000000000000000000000000000000000000000000000000000000000000000000000000000000000638253633501033D0701080027E06CB63204C0A8001B3604C0A800010C0861646D696E2D5043510B00000061646D696E2D50433C084D53465420352E30370C010F03062C2E2F1F2179F92BFF,312
18,18,2017-07-16,21:47:44,182,-7:00,192.168.0.1,67,192.168.0.25,68,UDP,RX,020106007335B29B0000800000000000C0A8001B0000000000000000080027E06CB600000000000000000000000000000000000000000000000000000000000000000000000000000000000000000000000000000000000000000000000000000000000000000000000000000000000000000000000000000000000000000000000000000000000000000000000000000000000000000000000000000000000000000000000000000000000000000000000000000000000000000000000000000000000000000000000000000000000000000000000000000000000000000000000000000000000000000000638253633501053604C0A800013304000151800104FFFFFF000304C0A800010604C0A80001FF00000000000000000000000000000000000000000000000000000000000000000000000000000000000000000000000000000000000000000000000000000000000000000000000000000000000000000000000000000000000000000000000000000000000000000000000000000000000000000000000000000000000000000000000000000000000000000000000000000000000000000000000000000000000000000000000000000000000000000000000000000000000000000000000000000000000000000000000000000000000000000000000000000000000000000000000000000000000000000000000000000000000000000000000000000000000000000000000000000000000000000000,548
19,19,2017-07-16,21:47:46,57,-7:00,192.168.0.27,68,192.168.0.25,67,UDP,RX,0101060013BF914B0000800000000000000000000000000000000000080027E06CB600000000000000000000000000000000000000000000000000000000000000000000000000000000000000000000000000000000000000000000000000000000000000000000000000000000000000000000000000000000000000000000000000000000000000000000000000000000000000000000000000000000000000000000000000000000000000000000000000000000000000000000000000000000000000000000000000000000000000000000000000000000000000000000000000000000000000000000638253633501014D0E525241532E4D6963726F736F66747401013D110152415320080027E06CB60000000000000C0861646D696E2D50433C084D53465420352E30370C010F03062C2E2F1F2179F92BFF,316
20,20,2017-07-16,21:47:46,432,-7:00,192.168.0.1,67,192.168.0.25,68,UDP,RX,0201060013BF914B0000800000000000C0A8001A0000000000000000080027E06CB600000000000000000000000000000000000000000000000000000000000000000000000000000000000000000000000000000000000000000000000000000000000000000000000000000000000000000000000000000000000000000000000000000000000000000000000000000000000000000000000000000000000000000000000000000000000000000000000000000000000000000000000000000000000000000000000000000000000000000000000000000000000000000000000000000000000000000000638253633501023604C0A800013304000151800104FFFFFF000304C0A800010604C0A80001FF00000000000000000000000000000000000000000000000000000000000000000000000000000000000000000000000000000000000000000000000000000000000000000000000000000000000000000000000000000000000000000000000000000000000000000000000000000000000000000000000000000000000000000000000000000000000000000000000000000000000000000000000000000000000000000000000000000000000000000000000000000000000000000000000000000000000000000000000000000000000000000000000000000000000000000000000000000000000000000000000000000000000000000000000000000000000000000000000000000000000000000000,548
21,21,2017-07-16,21:47:46,494,-7:00,192.168.0.27,68,192.168.0.25,67,UDP,RX,0101060013BF914B0000800000000000000000000000000000000000080027E06CB600000000000000000000000000000000000000000000000000000000000000000000000000000000000000000000000000000000000000000000000000000000000000000000000000000000000000000000000000000000000000000000000000000000000000000000000000000000000000000000000000000000000000000000000000000000000000000000000000000000000000000000000000000000000000000000000000000000000000000000000000000000000000000000000000000000000000000000638253633501034D0E525241532E4D6963726F736F66743D110152415320080027E06CB60000000000003204C0A8001A3604C0A800010C0861646D696E2D5043510B08000061646D696E2D50433C084D53465420352E30370C010F03062C2E2F1F2179F92BFF,338
22,22,2017-07-16,21:47:46,636,-7:00,192.168.0.1,67,192.168.0.25,68,UDP,RX,0201060013BF914B0000800000000000C0A8001A0000000000000000080027E06CB600000000000000000000000000000000000000000000000000000000000000000000000000000000000000000000000000000000000000000000000000000000000000000000000000000000000000000000000000000000000000000000000000000000000000000000000000000000000000000000000000000000000000000000000000000000000000000000000000000000000000000000000000000000000000000000000000000000000000000000000000000000000000000000000000000000000000000000638253633501053604C0A800013304000151800104FFFFFF000304C0A800010604C0A80001FF00000000000000000000000000000000000000000000000000000000000000000000000000000000000000000000000000000000000000000000000000000000000000000000000000000000000000000000000000000000000000000000000000000000000000000000000000000000000000000000000000000000000000000000000000000000000000000000000000000000000000000000000000000000000000000000000000000000000000000000000000000000000000000000000000000000000000000000000000000000000000000000000000000000000000000000000000000000000000000000000000000000000000000000000000000000000000000000000000000000000000000000,548
23,23,2017-07-16,21:47:47,276,-7:00,192.168.0.27,68,192.168.0.25,67,UDP,RX,010106006BC1EC5E00000000C0A8001B000000000000000000000000080027E06CB600000000000000000000000000000000000000000000000000000000000000000000000000000000000000000000000000000000000000000000000000000000000000000000000000000000000000000000000000000000000000000000000000000000000000000000000000000000000000000000000000000000000000000000000000000000000000000000000000000000000000000000000000000000000000000000000000000000000000000000000000000000000000000000000000000000000000000000638253633501083D0701080027E06CB60C0861646D696E2D50433C084D53465420352E30370D010F03062C2E2F1F2179F92BFCFF000000000000000000000000,300
24,24,2017-07-16,21:47:50,260,-7:00,192.168.0.27,68,192.168.0.25,67,UDP,RX,010106006BC1EC5E03000000C0A8001B000000000000000000000000080027E06CB600000000000000000000000000000000000000000000000000000000000000000000000000000000000000000000000000000000000000000000000000000000000000000000000000000000000000000000000000000000000000000000000000000000000000000000000000000000000000000000000000000000000000000000000000000000000000000000000000000000000000000000000000000000000000000000000000000000000000000000000000000000000000000000000000000000000000000000638253633501083D0701080027E06CB60C0861646D696E2D50433C084D53465420352E30370D010F03062C2E2F1F2179F92BFCFF000000000000000000000000,300
25,25,2017-07-16,21:50:33,479,-7:00,192.168.0.27,68,192.168.0.25,67,UDP,RX,01010600740FDDD900000000C0A8001B000000000000000000000000080027E06CB600000000000000000000000000000000000000000000000000000000000000000000000000000000000000000000000000000000000000000000000000000000000000000000000000000000000000000000000000000000000000000000000000000000000000000000000000000000000000000000000000000000000000000000000000000000000000000000000000000000000000000000000000000000000000000000000000000000000000000000000000000000000000000000000000000000000000000000638253633501083D0701080027E06CB60C0861646D696E2D50433C084D53465420352E30370D010F03062C2E2F1F2179F92BFCFF000000000000000000000000,300
26,26,2017-07-16,21:50:36,463,-7:00,192.168.0.27,68,192.168.0.25,67,UDP,RX,01010600740FDDD903000000C0A8001B000000000000000000000000080027E06CB600000000000000000000000000000000000000000000000000000000000000000000000000000000000000000000000000000000000000000000000000000000000000000000000000000000000000000000000000000000000000000000000000000000000000000000000000000000000000000000000000000000000000000000000000000000000000000000000000000000000000000000000000000000000000000000000000000000000000000000000000000000000000000000000000000000000000000000638253633501083D0701080027E06CB60C0861646D696E2D50433C084D53465420352E30370D010F03062C2E2F1F2179F92BFCFF000000000000000000000000,300
27,27,2017-07-16,21:52:38,526,-7:00,192.168.0.27,68,192.168.0.25,67,UDP,RX,010106006D7CEDEF00000000C0A8001B000000000000000000000000080027E06CB600000000000000000000000000000000000000000000000000000000000000000000000000000000000000000000000000000000000000000000000000000000000000000000000000000000000000000000000000000000000000000000000000000000000000000000000000000000000000000000000000000000000000000000000000000000000000000000000000000000000000000000000000000000000000000000000000000000000000000000000000000000000000000000000000000000000000000000638253633501083D0701080027E06CB60C0861646D696E2D50433C084D53465420352E30370D010F03062C2E2F1F2179F92BFCFF000000000000000000000000,300
28,28,2017-07-16,21:52:41,525,-7:00,192.168.0.27,68,192.168.0.25,67,UDP,RX,010106006D7CEDEF03000000C0A8001B000000000000000000000000080027E06CB600000000000000000000000000000000000000000000000000000000000000000000000000000000000000000000000000000000000000000000000000000000000000000000000000000000000000000000000000000000000000000000000000000000000000000000000000000000000000000000000000000000000000000000000000000000000000000000000000000000000000000000000000000000000000000000000000000000000000000000000000000000000000000000000000000000000000000000638253633501083D0701080027E06CB60C0861646D696E2D50433C084D53465420352E30370D010F03062C2E2F1F2179F92BFCFF000000000000000000000000,300
29,29,2017-07-16,21:53:59,792,-7:00,0.0.0.0,68,192.168.0.25,67,UDP,RX,01010600722CC2F8000000000000000000000000000000000000000034363B303F9200000000000000000000000000000000000000000000000000000000000000000000000000000000000000000000000000000000000000000000000000000000000000000000000000000000000000000000000000000000000000000000000000000000000000000000000000000000000000000000000000000000000000000000000000000000000000000000000000000000000000000000000000000000000000000000000000000000000000000000000000000000000000000000000000000000000000000000638253633501033707017903060F77FC390205DC3D070134363B303F923204C0A8001133040076A7000C066950686F6E65FF0000000000000000000000000000,300
30,30,2017-07-16,21:55:10,526,-7:00,192.168.0.27,68,192.168.0.25,67,UDP,RX,010106007722374400000000C0A8001B000000000000000000000000080027E06CB600000000000000000000000000000000000000000000000000000000000000000000000000000000000000000000000000000000000000000000000000000000000000000000000000000000000000000000000000000000000000000000000000000000000000000000000000000000000000000000000000000000000000000000000000000000000000000000000000000000000000000000000000000000000000000000000000000000000000000000000000000000000000000000000000000000000000000000638253633501083D0701080027E06CB60C0861646D696E2D50433C084D53465420352E30370D010F03062C2E2F1F2179F92BFCFF000000000000000000000000,300
31,31,2017-07-16,21:55:13,510,-7:00,192.168.0.27,68,192.168.0.25,67,UDP,RX,010106007722374403000000C0A8001B000000000000000000000000080027E06CB600000000000000000000000000000000000000000000000000000000000000000000000000000000000000000000000000000000000000000000000000000000000000000000000000000000000000000000000000000000000000000000000000000000000000000000000000000000000000000000000000000000000000000000000000000000000000000000000000000000000000000000000000000000000000000000000000000000000000000000000000000000000000000000000000000000000000000000638253633501083D0701080027E06CB60C0861646D696E2D50433C084D53465420352E30370D010F03062C2E2F1F2179F92BFCFF000000000000000000000000,300
32,32,2017-07-16,21:58:55,932,-7:00,192.168.0.27,68,192.168.0.25,67,UDP,RX,01010600460E285600000000C0A8001B000000000000000000000000080027E06CB600000000000000000000000000000000000000000000000000000000000000000000000000000000000000000000000000000000000000000000000000000000000000000000000000000000000000000000000000000000000000000000000000000000000000000000000000000000000000000000000000000000000000000000000000000000000000000000000000000000000000000000000000000000000000000000000000000000000000000000000000000000000000000000000000000000000000000000638253633501083D0701080027E06CB60C0861646D696E2D50433C084D53465420352E30370D010F03062C2E2F1F2179F92BFCFF000000000000000000000000,300
33,33,2017-07-16,21:58:58,932,-7:00,192.168.0.27,68,192.168.0.25,67,UDP,RX,01010600460E285603000000C0A8001B000000000000000000000000080027E06CB600000000000000000000000000000000000000000000000000000000000000000000000000000000000000000000000000000000000000000000000000000000000000000000000000000000000000000000000000000000000000000000000000000000000000000000000000000000000000000000000000000000000000000000000000000000000000000000000000000000000000000000000000000000000000000000000000000000000000000000000000000000000000000000000000000000000000000000638253633501083D0701080027E06CB60C0861646D696E2D50433C084D53465420352E30370D010F03062C2E2F1F2179F92BFCFF000000000000000000000000,300
34,34,2017-07-16,22:4:14,902,-7:00,192.168.0.27,68,192.168.0.25,67,UDP,RX,01010600D86D28EC00000000C0A8001A000000000000000000000000080027E06CB600000000000000000000000000000000000000000000000000000000000000000000000000000000000000000000000000000000000000000000000000000000000000000000000000000000000000000000000000000000000000000000000000000000000000000000000000000000000000000000000000000000000000000000000000000000000000000000000000000000000000000000000000000000000000000000000000000000000000000000000000000000000000000000000000000000000000000000638253633501073604C0A800013D110152415320080027E06CB6000000000000FF00000000000000000000000000000000000000000000000000000000000000,300
35,35,2017-07-16,22:4:35,838,-7:00,0.0.0.0,68,192.168.0.25,67,UDP,RX,010106004EB31E740000800000000000000000000000000000000000080027E06CB600000000000000000000000000000000000000000000000000000000000000000000000000000000000000000000000000000000000000000000000000000000000000000000000000000000000000000000000000000000000000000000000000000000000000000000000000000000000000000000000000000000000000000000000000000000000000000000000000000000000000000000000000000000000000000000000000000000000000000000000000000000000000000000000000000000000000000000638253633501033D0701080027E06CB63204C0A8001B0C0861646D696E2D5043510B00000061646D696E2D50433C084D53465420352E30370C010F03062C2E2F1F2179F92BFF,306
36,36,2017-07-16,22:4:35,917,-7:00,192.168.0.1,67,192.168.0.25,68,UDP,RX,020106004EB31E740000800000000000000000000000000000000000080027E06CB600000000000000000000000000000000000000000000000000000000000000000000000000000000000000000000000000000000000000000000000000000000000000000000000000000000000000000000000000000000000000000000000000000000000000000000000000000000000000000000000000000000000000000000000000000000000000000000000000000000000000000000000000000000000000000000000000000000000000000000000000000000000000000000000000000000000000000000638253633501063604C0A80001FF00000000000000000000000000000000000000000000000000000000000000000000000000000000000000000000000000000000000000000000000000000000000000000000000000000000000000000000000000000000000000000000000000000000000000000000000000000000000000000000000000000000000000000000000000000000000000000000000000000000000000000000000000000000000000000000000000000000000000000000000000000000000000000000000000000000000000000000000000000000000000000000000000000000000000000000000000000000000000000000000000000000000000000000000000000000000000000000000000000000000000000000000000000000000000000000000000000000000000000000,548
37,37,2017-07-16,22:4:35,980,-7:00,0.0.0.0,68,192.168.0.25,67,UDP,RX,01010600106FFF9B0000800000000000000000000000000000000000080027E06CB600000000000000000000000000000000000000000000000000000000000000000000000000000000000000000000000000000000000000000000000000000000000000000000000000000000000000000000000000000000000000000000000000000000000000000000000000000000000000000000000000000000000000000000000000000000000000000000000000000000000000000000000000000000000000000000000000000000000000000000000000000000000000000000000000000000000000000000638253633501013D0701080027E06CB60C0861646D696E2D50433C084D53465420352E30370C010F03062C2E2F1F2179F92BFF00000000000000000000000000,300
38,38,2017-07-16,22:4:36,510,-7:00,192.168.0.1,67,192.168.0.25,68,UDP,RX,02010600106FFF9B0000800000000000C0A8001A0000000000000000080027E06CB600000000000000000000000000000000000000000000000000000000000000000000000000000000000000000000000000000000000000000000000000000000000000000000000000000000000000000000000000000000000000000000000000000000000000000000000000000000000000000000000000000000000000000000000000000000000000000000000000000000000000000000000000000000000000000000000000000000000000000000000000000000000000000000000000000000000000000000638253633501023604C0A800013304000151800104FFFFFF000304C0A800010604C0A80001FF00000000000000000000000000000000000000000000000000000000000000000000000000000000000000000000000000000000000000000000000000000000000000000000000000000000000000000000000000000000000000000000000000000000000000000000000000000000000000000000000000000000000000000000000000000000000000000000000000000000000000000000000000000000000000000000000000000000000000000000000000000000000000000000000000000000000000000000000000000000000000000000000000000000000000000000000000000000000000000000000000000000000000000000000000000000000000000000000000000000000000000000,548
39,39,2017-07-16,22:4:36,588,-7:00,0.0.0.0,68,192.168.0.25,67,UDP,RX,01010600106FFF9B0000800000000000000000000000000000000000080027E06CB600000000000000000000000000000000000000000000000000000000000000000000000000000000000000000000000000000000000000000000000000000000000000000000000000000000000000000000000000000000000000000000000000000000000000000000000000000000000000000000000000000000000000000000000000000000000000000000000000000000000000000000000000000000000000000000000000000000000000000000000000000000000000000000000000000000000000000000638253633501033D0701080027E06CB63204C0A8001A3604C0A800010C0861646D696E2D5043510B00000061646D696E2D50433C084D53465420352E30370C010F03062C2E2F1F2179F92BFF,312
40,40,2017-07-16,22:4:39,495,-7:00,0.0.0.0,68,192.168.0.25,67,UDP,RX,01010600106FFF9B0000800000000000000000000000000000000000080027E06CB600000000000000000000000000000000000000000000000000000000000000000000000000000000000000000000000000000000000000000000000000000000000000000000000000000000000000000000000000000000000000000000000000000000000000000000000000000000000000000000000000000000000000000000000000000000000000000000000000000000000000000000000000000000000000000000000000000000000000000000000000000000000000000000000000000000000000000000638253633501033D0701080027E06CB63204C0A8001A3604C0A800010C0861646D696E2D5043510B00000061646D696E2D50433C084D53465420352E30370C010F03062C2E2F1F2179F92BFF,312
41,41,2017-07-16,22:4:39,573,-7:00,192.168.0.1,67,192.168.0.25,68,UDP,RX,02010600106FFF9B0000800000000000C0A8001A0000000000000000080027E06CB600000000000000000000000000000000000000000000000000000000000000000000000000000000000000000000000000000000000000000000000000000000000000000000000000000000000000000000000000000000000000000000000000000000000000000000000000000000000000000000000000000000000000000000000000000000000000000000000000000000000000000000000000000000000000000000000000000000000000000000000000000000000000000000000000000000000000000000638253633501053604C0A800013304000151800104FFFFFF000304C0A800010604C0A80001FF00000000000000000000000000000000000000000000000000000000000000000000000000000000000000000000000000000000000000000000000000000000000000000000000000000000000000000000000000000000000000000000000000000000000000000000000000000000000000000000000000000000000000000000000000000000000000000000000000000000000000000000000000000000000000000000000000000000000000000000000000000000000000000000000000000000000000000000000000000000000000000000000000000000000000000000000000000000000000000000000000000000000000000000000000000000000000000000000000000000000000000000,548
42,42,2017-07-16,22:4:42,995,-7:00,192.168.0.26,68,192.168.0.25,67,UDP,RX,01010600BDC1CF0400000000C0A8001A000000000000000000000000080027E06CB600000000000000000000000000000000000000000000000000000000000000000000000000000000000000000000000000000000000000000000000000000000000000000000000000000000000000000000000000000000000000000000000000000000000000000000000000000000000000000000000000000000000000000000000000000000000000000000000000000000000000000000000000000000000000000000000000000000000000000000000000000000000000000000000000000000000000000000638253633501083D0701080027E06CB60C0861646D696E2D50433C084D53465420352E30370D010F03062C2E2F1F2179F92BFCFF000000000000000000000000,300
43,43,2017-07-16,22:4:45,995,-7:00,192.168.0.26,68,192.168.0.25,67,UDP,RX,01010600BDC1CF0403000000C0A8001A000000000000000000000000080027E06CB600000000000000000000000000000000000000000000000000000000000000000000000000000000000000000000000000000000000000000000000000000000000000000000000000000000000000000000000000000000000000000000000000000000000000000000000000000000000000000000000000000000000000000000000000000000000000000000000000000000000000000000000000000000000000000000000000000000000000000000000000000000000000000000000000000000000000000000638253633501083D0701080027E06CB60C0861646D696E2D50433C084D53465420352E30370D010F03062C2E2F1F2179F92BFCFF000000000000000000000000,300
44,44,2017-07-16,22:5:8,886,-7:00,192.168.0.26,68,192.168.0.25,67,UDP,RX,01010600F0A115E40000800000000000000000000000000000000000080027E06CB600000000000000000000000000000000000000000000000000000000000000000000000000000000000000000000000000000000000000000000000000000000000000000000000000000000000000000000000000000000000000000000000000000000000000000000000000000000000000000000000000000000000000000000000000000000000000000000000000000000000000000000000000000000000000000000000000000000000000000000000000000000000000000000000000000000000000000000638253633501014D0E525241532E4D6963726F736F66747401013D110152415320080027E06CB60000000000000C0861646D696E2D50433C084D53465420352E30370C010F03062C2E2F1F2179F92BFF,316
45,45,2017-07-16,22:5:9,683,-7:00,192.168.0.1,67,192.168.0.25,68,UDP,RX,02010600F0A115E40000800000000000C0A8001B0000000000000000080027E06CB600000000000000000000000000000000000000000000000000000000000000000000000000000000000000000000000000000000000000000000000000000000000000000000000000000000000000000000000000000000000000000000000000000000000000000000000000000000000000000000000000000000000000000000000000000000000000000000000000000000000000000000000000000000000000000000000000000000000000000000000000000000000000000000000000000000000000000000638253633501023604C0A800013304000151800104FFFFFF000304C0A800010604C0A80001FF00000000000000000000000000000000000000000000000000000000000000000000000000000000000000000000000000000000000000000000000000000000000000000000000000000000000000000000000000000000000000000000000000000000000000000000000000000000000000000000000000000000000000000000000000000000000000000000000000000000000000000000000000000000000000000000000000000000000000000000000000000000000000000000000000000000000000000000000000000000000000000000000000000000000000000000000000000000000000000000000000000000000000000000000000000000000000000000000000000000000000000000,548
46,46,2017-07-16,22:5:9,746,-7:00,192.168.0.26,68,192.168.0.25,67,UDP,RX,01010600F0A115E40000800000000000000000000000000000000000080027E06CB600000000000000000000000000000000000000000000000000000000000000000000000000000000000000000000000000000000000000000000000000000000000000000000000000000000000000000000000000000000000000000000000000000000000000000000000000000000000000000000000000000000000000000000000000000000000000000000000000000000000000000000000000000000000000000000000000000000000000000000000000000000000000000000000000000000000000000000638253633501034D0E525241532E4D6963726F736F66743D110152415320080027E06CB60000000000003204C0A8001B3604C0A800010C0861646D696E2D5043510B08000061646D696E2D50433C084D53465420352E30370C010F03062C2E2F1F2179F92BFF,338
47,47,2017-07-16,22:5:9,886,-7:00,192.168.0.1,67,192.168.0.25,68,UDP,RX,02010600F0A115E40000800000000000C0A8001B0000000000000000080027E06CB600000000000000000000000000000000000000000000000000000000000000000000000000000000000000000000000000000000000000000000000000000000000000000000000000000000000000000000000000000000000000000000000000000000000000000000000000000000000000000000000000000000000000000000000000000000000000000000000000000000000000000000000000000000000000000000000000000000000000000000000000000000000000000000000000000000000000000000638253633501053604C0A800013304000151800104FFFFFF000304C0A800010604C0A80001FF00000000000000000000000000000000000000000000000000000000000000000000000000000000000000000000000000000000000000000000000000000000000000000000000000000000000000000000000000000000000000000000000000000000000000000000000000000000000000000000000000000000000000000000000000000000000000000000000000000000000000000000000000000000000000000000000000000000000000000000000000000000000000000000000000000000000000000000000000000000000000000000000000000000000000000000000000000000000000000000000000000000000000000000000000000000000000000000000000000000000000000000,548
48,48,2017-07-16,22:7:22,104,-7:00,0.0.0.0,68,192.168.0.25,67,UDP,RX,010106007715B3AE0000000000000000000000000000000000000000080027FBE75D00000000000000000000000000000000000000000000000000000000000000000000000000000000000000000000000000000000000000000000000000000000000000000000000000000000000000000000000000000000000000000000000000000000000000000000000000000000000000000000000000000000000000000000000000000000000000000000000000000000000000000000000000000000000000000000000000000000000000000000000000000000000000000000000000000000000000000000638253633501013D0701080027FBE75D3204C0A800190C0F4445534B544F502D373530523155303C084D53465420352E30370D0103060F1F212B2C2E2F79F9FCFF,301
49,49,2017-07-16,22:7:22,167,-7:00,0.0.0.0,68,192.168.0.25,67,UDP,RX,01010600BAD7FC710000800000000000000000000000000000000000080027E06CB600000000000000000000000000000000000000000000000000000000000000000000000000000000000000000000000000000000000000000000000000000000000000000000000000000000000000000000000000000000000000000000000000000000000000000000000000000000000000000000000000000000000000000000000000000000000000000000000000000000000000000000000000000000000000000000000000000000000000000000000000000000000000000000000000000000000000000000638253633501013D0701080027E06CB60C0861646D696E2D50433C084D53465420352E30370C010F03062C2E2F1F2179F92BFF00000000000000000000000000,300
50,50,2017-07-16,22:7:23,104,-7:00,0.0.0.0,68,192.168.0.25,67,UDP,RX,010106007715B3AE0000000000000000000000000000000000000000080027FBE75D00000000000000000000000000000000000000000000000000000000000000000000000000000000000000000000000000000000000000000000000000000000000000000000000000000000000000000000000000000000000000000000000000000000000000000000000000000000000000000000000000000000000000000000000000000000000000000000000000000000000000000000000000000000000000000000000000000000000000000000000000000000000000000000000000000000000000000000638253633501033D0701080027FBE75D32040A1016B536048C8E05550C0F4445534B544F502D3735305231553051120000004445534B544F502D373530523155303C084D53465420352E30370D0103060F1F212B2C2E2F79F9FCFF,327
51,51,2017-07-16,22:7:23,245,-7:00,0.0.0.0,68,192.168.0.25,67,UDP,RX,01010600BAD7FC710000800000000000000000000000000000000000080027E06CB600000000000000000000000000000000000000000000000000000000000000000000000000000000000000000000000000000000000000000000000000000000000000000000000000000000000000000000000000000000000000000000000000000000000000000000000000000000000000000000000000000000000000000000000000000000000000000000000000000000000000000000000000000000000000000000000000000000000000000000000000000000000000000000000000000000000000000000638253633501033D0701080027E06CB632040A101DAD36048C8E05550C0861646D696E2D5043510B00000061646D696E2D50433C084D53465420352E30370C010F03062C2E2F1F2179F92BFF,312
52,52,2017-07-16,22:7:26,713,-7:00,10.16.29.173,68,192.168.0.25,67,UDP,RX,01010600DA38A96F000000000A101DAD000000000000000000000000080027E06CB600000000000000000000000000000000000000000000000000000000000000000000000000000000000000000000000000000000000000000000000000000000000000000000000000000000000000000000000000000000000000000000000000000000000000000000000000000000000000000000000000000000000000000000000000000000000000000000000000000000000000000000000000000000000000000000000000000000000000000000000000000000000000000000000000000000000000000000638253633501083D0701080027E06CB60C0861646D696E2D50433C084D53465420352E30370D010F03062C2E2F1F2179F92BFCFF000000000000000000000000,300
53,53,2017-07-16,22:7:43,417,-7:00,0.0.0.0,68,192.168.0.25,67,UDP,RX,010106008864D8B00000000000000000000000000000000000000000A434D9D70C2100000000000000000000000000000000000000000000000000000000000000000000000000000000000000000000000000000000000000000000000000000000000000000000000000000000000000000000000000000000000000000000000000000000000000000000000000000000000000000000000000000000000000000000000000000000000000000000000000000000000000000000000000000000000000000000000000000000000000000000000000000000000000000000000000000000000000000000638253633501033D0701A434D9D70C2132040A100CF00C0F4445534B544F502D3830375331545351120000004445534B544F502D383037533154533C084D53465420352E30370D0103060F1F212B2C2E2F79F9FCFF,321
54,54,2017-07-16,22:7:47,418,-7:00,0.0.0.0,68,192.168.0.25,67,UDP,RX,010106008864D8B00000000000000000000000000000000000000000A434D9D70C2100000000000000000000000000000000000000000000000000000000000000000000000000000000000000000000000000000000000000000000000000000000000000000000000000000000000000000000000000000000000000000000000000000000000000000000000000000000000000000000000000000000000000000000000000000000000000000000000000000000000000000000000000000000000000000000000000000000000000000000000000000000000000000000000000000000000000000000638253633501033D0701A434D9D70C2132040A100CF00C0F4445534B544F502D3830375331545351120000004445534B544F502D383037533154533C084D53465420352E30370D0103060F1F212B2C2E2F79F9FCFF,321
55,55,2017-07-16,22:40:50,309,-7:00,0.0.0.0,68,192.168.0.25,67,UDP,RX,01010600E7E14B600000000000000000000000000000000000000000A434D9D70C2100000000000000000000000000000000000000000000000000000000000000000000000000000000000000000000000000000000000000000000000000000000000000000000000000000000000000000000000000000000000000000000000000000000000000000000000000000000000000000000000000000000000000000000000000000000000000000000000000000000000000000000000000000000000000000000000000000000000000000000000000000000000000000000000000000000000000000000638253633501033D0701A434D9D70C2132040A100CF00C0F4445534B544F502D3830375331545351120000004445534B544F502D383037533154533C084D53465420352E30370D0103060F1F212B2C2E2F79F9FCFF,321
56,56,2017-07-16,22:43:51,730,-7:00,0.0.0.0,68,192.168.0.25,67,UDP,RX,010106008FE13DE90000000000000000000000000000000000000000A434D9D70C2100000000000000000000000000000000000000000000000000000000000000000000000000000000000000000000000000000000000000000000000000000000000000000000000000000000000000000000000000000000000000000000000000000000000000000000000000000000000000000000000000000000000000000000000000000000000000000000000000000000000000000000000000000000000000000000000000000000000000000000000000000000000000000000000000000000000000000000638253633501033D0701A434D9D70C2132040A100CF00C0F4445534B544F502D3830375331545351120000004445534B544F502D383037533154533C084D53465420352E30370D0103060F1F212B2C2E2F79F9FCFF,321
57,57,2017-07-16,22:46:43,152,-7:00,0.0.0.0,68,192.168.0.25,67,UDP,RX,010106005943126D0000000000000000000000000000000000000000A434D9D70C2100000000000000000000000000000000000000000000000000000000000000000000000000000000000000000000000000000000000000000000000000000000000000000000000000000000000000000000000000000000000000000000000000000000000000000000000000000000000000000000000000000000000000000000000000000000000000000000000000000000000000000000000000000000000000000000000000000000000000000000000000000000000000000000000000000000000000000000638253633501033D0701A434D9D70C2132040A100CF00C0F4445534B544F502D3830375331545351120000004445534B544F502D383037533154533C084D53465420352E30370D0103060F1F212B2C2E2F79F9FCFF,321
58,58,2017-07-28,10:4:28,931,-7:00,10.16.29.173,68,172.31.98.197,67,UDP,RX,01010600965123B50000800000000000000000000000000000000000080027E06CB600000000000000000000000000000000000000000000000000000000000000000000000000000000000000000000000000000000000000000000000000000000000000000000000000000000000000000000000000000000000000000000000000000000000000000000000000000000000000000000000000000000000000000000000000000000000000000000000000000000000000000000000000000000000000000000000000000000000000000000000000000000000000000000000000000000000000000000638253633501034D0E525241532E4D6963726F736F66743D110152415320080027E06CB600000000000032040A1019D70C0861646D696E2D5043510B08000061646D696E2D50433C084D53465420352E30370C010F03062C2E2F1F2179F92BFF,332
59,59,2017-07-28,10:4:28,994,-7:00,10.16.0.3,67,172.31.98.197,68,UDP,RX,02010601965123B500008000000000000A1019D7000000000A100003080027E06CB6000000000000000000000000000000000000000000000000000000000000000000000000000000000000000000000000000000000000000000000000000000000000000000000000000000000000000000000000000000000000000000000000000000000000000000000000000000000000000000000000000000000000000000000000000000000000000000000000000000000000000000000000000000000000000000000000000000000000000000000000000000000000000000000000000000000000000000006382536335010536048C8E05553304000151800104FFFFE0000F1464686370342E77617368696E67746F6E2E65647503040A1000010608805F7801805F7001FF,300
60,60,2017-07-28,10:13:10,432,-7:00,10.16.29.173,68,172.31.98.197,67,UDP,RX,01010600B01B7A4A000080000A101DAD000000000000000000000000080027E06CB600000000000000000000000000000000000000000000000000000000000000000000000000000000000000000000000000000000000000000000000000000000000000000000000000000000000000000000000000000000000000000000000000000000000000000000000000000000000000000000000000000000000000000000000000000000000000000000000000000000000000000000000000000000000000000000000000000000000000000000000000000000000000000000000000000000000000000000638253633501083D0701080027E06CB60C0861646D696E2D50433C084D53465420352E30370D010F03062C2E2F1F2179F92BFCFF000000000000000000000000,300
61,61,2017-07-28,10:18:58,339,-7:00,0.0.0.0,68,172.31.98.197,67,UDP,RX,01010600505784240000800000000000000000000000000000000000080027E06CB600000000000000000000000000000000000000000000000000000000000000000000000000000000000000000000000000000000000000000000000000000000000000000000000000000000000000000000000000000000000000000000000000000000000000000000000000000000000000000000000000000000000000000000000000000000000000000000000000000000000000000000000000000000000000000000000000000000000000000000000000000000000000000000000000000000000000000000638253633501013D0701080027E06CB632040A101DAD0C0861646D696E2D50433C084D53465420352E30370C010F03062C2E2F1F2179F92BFF00000000000000,300
62,62,2017-07-28,10:18:59,356,-7:00,10.16.0.4,67,172.31.98.197,68,UDP,RX,020106015057842400008000000000000A101DAD000000000A100004080027E06CB6000000000000000000000000000000000000000000000000000000000000000000000000000000000000000000000000000000000000000000000000000000000000000000000000000000000000000000000000000000000000000000000000000000000000000000000000000000000000000000000000000000000000000000000000000000000000000000000000000000000000000000000000000000000000000000000000000000000000000000000000000000000000000000000000000000000000000000006382536335010236048C8E05553304000003840104FFFFE0000F1464686370342E77617368696E67746F6E2E65647503040A1000010608805F7801805F7001FF,300
63,63,2017-07-28,10:18:59,421,-7:00,0.0.0.0,68,172.31.98.197,67,UDP,RX,01010600505784240000800000000000000000000000000000000000080027E06CB600000000000000000000000000000000000000000000000000000000000000000000000000000000000000000000000000000000000000000000000000000000000000000000000000000000000000000000000000000000000000000000000000000000000000000000000000000000000000000000000000000000000000000000000000000000000000000000000000000000000000000000000000000000000000000000000000000000000000000000000000000000000000000000000000000000000000000000638253633501033D0701080027E06CB632040A101DAD36048C8E05550C0861646D696E2D5043510B00000061646D696E2D50433C084D53465420352E30370C010F03062C2E2F1F2179F92BFF,312
64,64,2017-07-28,10:18:59,484,-7:00,10.16.0.4,67,172.31.98.197,68,UDP,RX,020106015057842400008000000000000A101DAD000000000A100004080027E06CB6000000000000000000000000000000000000000000000000000000000000000000000000000000000000000000000000000000000000000000000000000000000000000000000000000000000000000000000000000000000000000000000000000000000000000000000000000000000000000000000000000000000000000000000000000000000000000000000000000000000000000000000000000000000000000000000000000000000000000000000000000000000000000000000000000000000000000000006382536335010536048C8E05553304000003840104FFFFE0000F1464686370342E77617368696E67746F6E2E65647503040A1000010608805F7801805F7001FF,300
65,65,2017-07-28,10:19:3,183,-7:00,10.16.29.173,68,172.31.98.197,67,UDP,RX,010106004D5F7316000080000A101DAD000000000000000000000000080027E06CB600000000000000000000000000000000000000000000000000000000000000000000000000000000000000000000000000000000000000000000000000000000000000000000000000000000000000000000000000000000000000000000000000000000000000000000000000000000000000000000000000000000000000000000000000000000000000000000000000000000000000000000000000000000000000000000000000000000000000000000000000000000000000000000000000000000000000000000638253633501083D0701080027E06CB60C0861646D696E2D50433C084D53465420352E30370D010F03062C2E2F1F2179F92BFCFF000000000000000000000000,300
